Application Typical,Workplace (WP),Application,Number,Code,Reference Image ,Main Product Line,Secondary Product Line,Seating,Internal Owner,Approval,Split to series typicals,
AT,WP,CZ - Collaboration,03,ATWPCZ03,ATWPCZ03.png,B3,Bridges II,Noetic,DS,Under Review,,
AT,WP,CZ - Collaboration,01,ATWPCZ01,ATWPCZ01R01.png,Collaborative Spaces,n/a,Prefer,JF,Approved,,
AT,WP,CZ - Collaboration,02,ATWPCZ02,ATWPCZ02R01.png,Collaborative Spaces,River +,Sas,JF,Approved,,
AT,WP,LS - Learning Spaces,02,ATWPLS02,ATWPLS02R01.png,2gether,n/a,Spritz,JF,Approved,,
AT,WP,LS - Learning Spaces,04,ATWPLS04,ATWPLS04.png,Evolve,Collaborative Spaces,Rebound,DS,,,
AT,WP,LS - Learning Spaces,01,ATWPLS01,ATWPLS01R01.png,Terina,n/a,Roma,JF,Approved,,
AT,WP,LS - Learning Spaces,03,ATWPLS03,ATWPLS03R01.png,Terina,n/a,Prefer,JF,Approved,,
AT,WP,MA - Meeting Areas,14,ATWPMA14,ATWPMA14R01.png,Boardroom,n/a,Drift,JF,,,
AT,WP,MA - Meeting Areas,11,ATWPMA11,ATWPMA11R01.png,Bungee,n/a,Roma,JF,Approved,,
AT,WP,MA - Meeting Areas,12,ATWPMA12,ATWPMA12R01.png,Bungee,n/a,Roma,JF,Approved,,
AT,WP,MA - Meeting Areas,02,ATWPMA02,ATWPMA02R01.png,Collaborative Spaces,n/a,Noetic,JF,Approved,,
AT,WP,MA - Meeting Areas,03,ATWPMA03,ATWPMA03R01.png,Collaborative Spaces,n/a,Drift,JF,,,
AT,WP,MA - Meeting Areas,05,ATWPMA05,ATWPMA05R01.png,Collaborative Spaces,n/a,Novello,JF,Approved,,
AT,WP,MA - Meeting Areas,04,ATWPMA04,ATWPMA04R01.png,ConnecTables,Evolve,Marche,JF,,,
AT,WP,MA - Meeting Areas,16,ATWPMA16,ATWPMA16.png,Evolve,Kadin,Prefer,DS,,,
AT,WP,MA - Meeting Areas,08,ATWPMA08,ATWPMA08R01.jpg,Junction,Zira,Novello,MJ,Approved,,
AT,WP,MA - Meeting Areas,06,ATWPMA06,ATWPMA06R01.png,Kadin,Wind Linear,Prefer,JF,Approved,,
AT,WP,MA - Meeting Areas,07,ATWPMA07,ATWPMA07R01.jpg,Kadin,Foundations,Luray,MJ,Approved,,
AT,WP,MA - Meeting Areas,09,ATWPMA09,ATWPMA09R01.png,Kadin,Zira,Marche,JF,Approved,,
AT,WP,MA - Meeting Areas,10,ATWPMA10,ATWPMA10R01.png,Kadin,n/a,Factor,JF,Approved,,
AT,WP,MA - Meeting Areas,01,ATWPMA01,ATWPMA01R01.png,Swap,Zira,Prefer,JF,Approved,,
AT,WP,MA - Meeting Areas,13,ATWPMA13,ATWPMA13.jpg,Zira,9300 Series,Loover,MJ,,,
AT,WP,MA - Meeting Areas,15,ATWPMA15,,Zira,Boardroom,Factor,JF,,,
AT,WP,OD - Outdoors,01,ATWPOD01,ATWPOD01R01.png,Bakhita,n/a,Bakhita,JF,Approved,X,
AT,WP,OD - Outdoors,02,ATWPOD02,ATWPOD02R01.png,Bakhita,n/a,Spykar,JF,Approved,X,
AT,WP,OP - Open Plan,10,ATWPOP10,ATWPOP10.png,B1,,Sora,DS,Approved,,
AT,WP,OP - Open Plan,11,ATWPOP11,ATWPOP11.png,B3,,Vion,DS,,,
AT,WP,OP - Open Plan,12,ATWPOP12,ATWPOP12.png,B3,Freefit,Factor,DS,,,
AT,WP,OP - Open Plan,13,ATWPOP13,ATWPOP13.png,B3,,Vion,DS,,,
AT,WP,OP - Open Plan,14,ATWPOP14,ATWPOP14.png,B3,Bridges II,n/a,DS,,,
AT,WP,OP - Open Plan,15,ATWPOP15,ATWPOP15.png,B3,Bridges II,Noetic,DS,,,
AT,WP,OP - Open Plan,16,ATWPOP16,ATWPOP16.png,B3,Freefit,Noetic,DS,,,
AT,WP,OP - Open Plan,17,ATWPOP17,ATWPOP17.png,B3,Freefit,Vion,DS,,,
AT,WP,OP - Open Plan,18,ATWPOP18,ATWPOP18.png,B3,Freefit,Factor,DS,,,
AT,WP,OP - Open Plan,19,ATWPOP19,ATWPOP19.png,B3,,Factor,DS,,,
AT,WP,OP - Open Plan,20,ATWPOP20,ATWPOP20.png,B3,Freefit,Vion,DS,,,
AT,WP,OP - Open Plan,21,ATWPOP21,ATWPOP21.png,B3,Freefit,Vion,DS,,,
AT,WP,OP - Open Plan,29,ATWPOP29,ATWPOP29.png,B3,,Factor,DS,,,
AT,WP,OP - Open Plan,02,ATWPOP02,ATWPOP02R01.png,Bridges II,n/a,Factor,JF,Approved,,
AT,WP,OP - Open Plan,07,ATWPOP07,ATWPOP07R01.jpg,Bridges II,n/a,Vion,MJ,Approved,,
AT,WP,OP - Open Plan,08,ATWPOP08,ATWPOP08R01.jpg,Bridges II,Sirena,Noetic,MJ,Approved,,
AT,WP,OP - Open Plan,28,ATWPOP28,ATWPOP28R01.png,Bridges II,Swap,Factor,JF,,,
AT,WP,OP - Open Plan,09,ATWPOP09,ATWPOP09R01.png,Compile,Corby,Noetic,JF,Approved,,
AT,WP,OP - Open Plan,23,ATWPOP23,ATWPOP23.png,Compile,,Factor,DS,Under Review,,
AT,WP,OP - Open Plan,24,ATWPOP24,ATWPOP24.png,Compile,,Factor,DS,Approved,,
AT,WP,OP - Open Plan,26,ATWPOP26,ATWPOP26.png,Compile,Princeton,Spritz,DS,Approved,,
AT,WP,OP - Open Plan,27,ATWPOP27,ATWPOP27R01.png,Compile,Zira,Vion,JF,,,
AT,WP,OP - Open Plan,30,ATWPOP30,ATWPOP30.jpg,Compile,,Factor,DS,,,
AT,WP,OP - Open Plan,31,ATWPOP31,ATWPOP31.jpg,Compile,,Factor,DS,,,
AT,WP,OP - Open Plan,32,ATWPOP32,ATWPOP32.jpg,Compile,,Factor,DS,,,
AT,WP,OP - Open Plan,33,ATWPOP33,ATWPOP33.jpg,Compile,,Factor,DS,,,
AT,WP,OP - Open Plan,34,ATWPOP34,ATWPOP34.jpg,Compile,,Factor,DS,,,
AT,WP,OP - Open Plan,35,ATWPOP35,ATWPOP35.jpg,Compile,,Factor,DS,,,
AT,WP,OP - Open Plan,36,ATWPOP36,ATWPOP36.jpg,Compile,,Factor,DS,,,
AT,WP,OP - Open Plan,37,ATWPOP37,ATWPOP37.jpg,Compile,,Factor,DS,,,
AT,WP,OP - Open Plan,22,ATWPOP22,ATWPOP22.png,Evolve,,Aspen,DS,Under Review,,
AT,WP,OP - Open Plan,25,ATWPOP25,ATWPOP25R01.png,Evolve,Freefit,Factor,JF,Approved,,
AT,WP,OP - Open Plan,43,ATWPOP43,ATWPOP43.jpeg,Evolve,Laminate Storage,Noetic,DS,,,
AT,WP,OP - Open Plan,44,ATWPOP44,ATWPOP44.png,Evolve,,Vion,DS,,,
AT,WP,OP - Open Plan,45,ATWPOP45,ATWPOP45.png,Evolve,,Vion,DS,,,
AT,WP,OP - Open Plan,01,ATWPOP01,ATWPOP01R01.png,Freefit,Princeton,Noetic,JF,Approved,,
AT,WP,OP - Open Plan,05,ATWPOP05,ATWPOP05R01.png,Freefit,River +,Global Accord,JF,Approved,X,
AT,WP,OP - Open Plan,06,ATWPOP06,ATWPOP06R01.png,Freefit,Collaborative Spaces,Factor,JF,Approved,X,
AT,WP,OP - Open Plan,03,ATWPOP03,ATWPOP03R01.png,Softpod,n/a,Solar,JF,Approved,,
AT,WP,OP - Open Plan,04,ATWPOP04,ATWPOP04R01.png,Softpod,n/a,Noetic,JF,Approved,,
AT,WP,OP - Open Plan,38,ATWPOP38,ATWPOP38R01.png,Softpod,Rambler,Noetic,JF,,,
AT,WP,OP - Open Plan,39,ATWPOP39,ATWPOP39R01.png,Softpod,Rambler,Noetic,JF,,,
AT,WP,OP - Open Plan,40,ATWPOP40,ATWPOP40R01.png,Softpod,Rambler,Noetic,JF,,,
AT,WP,OP - Open Plan,41,ATWPOP41,ATWPOP41R01.png,Softpod,Rambler,Noetic,JF,,,
AT,WP,OP - Open Plan,42,ATWPOP42,ATWPOP42R01.png,Softpod,Collaborative Spaces,Factor,JF,,,
AT,WP,PO - Private Offices,10,ATWPPO10,ATWPPO10.jpg,B1,,,DS,,,
AT,WP,PO - Private Offices,11,ATWPPO11,ATWPPO11.jpg,B1,,,DS,,,
AT,WP,PO - Private Offices,12,ATWPPO12,ATWPPO12.png,B1,,,DS,,,
AT,WP,PO - Private Offices,13,ATWPPO13,ATWPPO13.jpg,B1,,,DS,,,
AT,WP,PO - Private Offices,14,ATWPPO14,ATWPPO14.jpg,B1,,,DS,,,
AT,WP,PO - Private Offices,15,ATWPPO15,ATWPPO15.jpg,B1,,,DS,,,
AT,WP,PO - Private Offices,05,ATWPPO05,ATWPPO05.png,B3,Freefit,Obusforme Comfort,DS,,,
AT,WP,PO - Private Offices,06,ATWPPO06,ATWPPO06.png,B3,Freefit,Obusforme Comfort,DS,,,
AT,WP,PO - Private Offices,07,ATWPPO07,ATWPPO07.png,B3,Freefit,Obusforme Comfort,DS,,,
AT,WP,PO - Private Offices,08,ATWPPO08,ATWPPO08.png,B3,Freefit,Vion,DS,,,
AT,WP,PO - Private Offices,09,ATWPPO09,ATWPPO09.jpg,B3,,,DS,,,
AT,WP,PO - Private Offices,16,ATWPPO16,ATWPPO16.png,Evolve,,,DS,,,
AT,WP,PO - Private Offices,17,ATWPPO17,ATWPPO17.png,Evolve,,,DS,,,
AT,WP,PO - Private Offices,18,ATWPPO18,ATWPPO18.png,Evolve,,,DS,,,
AT,WP,PO - Private Offices,19,ATWPPO19,ATWPPO19.png,Evolve,,,DS,,,
AT,WP,PO - Private Offices,20,ATWPPO20,ATWPPO20.png,Evolve,Zira,Luray,DS,,,
AT,WP,PO - Private Offices,21,ATWPPO21,ATWPPO21.png,Evolve,Zira,Citi,DS,,,
AT,WP,PO - Private Offices,01,ATWPPO01,ATWPPO01R01.png,Zira,n/a,Noetic,JF,Approved,,
AT,WP,PO - Private Offices,02,ATWPPO02,ATWPPO02R01.png,Zira,Swap,Drift,JF,Approved,,
AT,WP,PO - Private Offices,03,ATWPPO03,ATWPPO03R01.png,Zira,n/a,Global Accord,JF,Approved,,
AT,WP,PO - Private Offices,04,ATWPPO04,ATWPPO04R01.png,Zira,n/a,Noetic,JF,Approved,,
AT,WP,PO - Private Offices,22,ATWPPO22,ATWPPO22.png,Zira,n/a,Vion,MJ,,,ZRA502L
AT,WP,PO - Private Offices,23,ATWPPO23,ATWPP023.png,Zira,n/a,Vion,MJ,,,ZRA506L
AT,WP,PO - Private Offices,24,ATWPPO24,ATWPP024.png,Zira,n/a,Vion,MJ,,,ZRA508L
AT,WP,PO - Private Offices,25,ATWPPO25,ATWPP025.png,Zira,n/a,Vion,MJ,,,ZRA509L
AT,WP,PO - Private Offices,26,ATWPPO26,ATWPP026.png,Zira,n/a,Vion,MJ,,,ZRA516L
AT,WP,PO - Private Offices,27,ATWPPO27,ATWPP027.png,Zira,n/a,Vion,MJ,,,ZRA517L
AT,WP,PO - Private Offices,28,ATWPPO28,ATWPPO28.png,Zira,n/a,Vion,MJ,,,ZRA519L
AT,WP,PO - Private Offices,29,ATWPPO29,ATWPPO29.png,Zira,n/a,Global Accord,MJ,,,ZRA527
AT,WP,PO - Private Offices,30,ATWPPO30,ATWPPO30.png,Zira,n/a,Global Accord,MJ,,,ZRA528
AT,WP,PO - Private Offices,31,ATWPPO31,ATWPPO31.png,Zira,n/a,Global Accord,MJ,,,ZRA529L
AT,WP,PO - Private Offices,32,ATWPPO32,ATWPPO32.png,Zira,n/a,Global Accord,MJ,,,ZRA530L
AT,WP,PO - Private Offices,33,ATWPPO33,ATWPPO33.png,Zira,n/a,Vion,MJ,,,ZRA531
AT,WP,PO - Private Offices,34,ATWPPO34,ATWPPO34.png,Zira,n/a,Vion,MJ,,,ZRA532
AT,WP,PO - Private Offices,35,ATWPPO35,ATWPPO35.png,Zira,n/a,Vion,MJ,,,ZRA533
AT,WP,PO - Private Offices,36,ATWPPO36,ATWPPO36.png,Zira,n/a,Vion,MJ,,,ZRA534L
AT,WP,PO - Private Offices,37,ATWPPO37,ATWPPO37.png,Zira,n/a,Vion,MJ,,,ZRA536L
AT,WP,PO - Private Offices,38,ATWPPO38,ATWPPO38.png,Zira,n/a,Global Accord,MJ,,,ZRA537L
AT,WP,PO - Private Offices,39,ATWPPO39,ATWPPO39.png,Zira,Swap,Global Accord,MJ,,,ZRA539
AT,WP,PO - Private Offices,40,ATWPPO40,ATWPPO40.png,Zira,Swap,Global Accord,MJ,,,ZRA540
AT,WP,PO - Private Offices,41,ATWPPO41,ATWPPO41.png,Zira,n/a,Vion,MJ,,,ZRA541
AT,WP,PO - Private Offices,42,ATWPPO42,ATWPPO42.png,Zira,n/a,Vion,MJ,,,ZRA542
AT,WP,PO - Private Offices,43,ATWPPO43,ATWPPO43.png,Zira,n/a,Solar,MJ,,,ZRA543
AT,WP,PO - Private Offices,44,ATWPPO44,ATWPPO44.png,Zira,n/a,Global Accord,MJ,,,ZRA544
AT,WP,PO - Private Offices,45,ATWPPO45,ATWPPO45.png,Zira,Swap,Prefer,MJ,,,
AT,WP,PO - Private Offices,47,ATWPPO47,ATWPPO47.png,Zira,n/a,Vion,MJ,,,Zira Brochure typical
AT,WP,PO - Private Offices,48,ATWPPO48,ATWPPO48.png,Zira,n/a,Vion,MJ,,,Zira Brochure typical
AT,WP,PO - Private Offices,49,ATWPPO49,ATWPPO49.png,Zira,n/a,Vion,MJ,,,Zira Brochure typical
AT,WP,PS - Personal Spaces,01,ATWPPS01,ATWPPS01R01.png,Priva,Zira,River+,JF,Approved,,CET (white top vs. finish match)
AT,WP,PS - Personal Spaces,02,ATWPPS02,ATWPPS02R01.png,Priva,Zira,ML Park,JF,Approved,,CET (white top vs. finish match)
AT,WP,RP - Reception,04,ATWPRP04,ATWPRP04.jpg,B1,,Vion,DS,,,
AT,WP,RP - Reception,08,ATWPRP08,ATWPRP08.png,B1,,Noetic,DS,,,
AT,WP,RP - Reception,05,ATWPRP05,ATWPRP05.jpg,B3,,Obusforme Comfort,DS,,,
AT,WP,RP - Reception,09,ATWPRP09,ATWPRP09.png,B3,,Noetic,DS,,,
AT,WP,RP - Reception,07,ATWPRP07,ATWPRP07.jpg,Compile,,Factor,DS,,,
AT,WP,RP - Reception,11,ATWPRP11,ATWPRP11.png,Compile,,Noetic,DS,,,
AT,WP,RP - Reception,06,ATWPRP06,ATWPRP06.jpg,Evolve,,Vion,DS,,,
AT,WP,RP - Reception,10,ATWPRP10,ATWPRP10.png,Evolve,,Noetic,DS,,,
AT,WP,RP - Reception,01,ATWPRP01,ATWPRP01R01.png,Zira,Wind,G20,JF,Approved,X,
AT,WP,RP - Reception,02,ATWPRP02,ATWPRP02R02.jpg,Zira,Corby,Vitrola,MJ,Approved,,
AT,WP,RP - Reception,03,ATWPRP03,ATWPRP03R01.png,Zira,Wind,Global Accord,JF,Approved,,
AT,WP,SP - Shared Spaces,01,ATWPSP01,ATWPSP01R01.png,Collaborative Spaces,Princeton,Novello,JF,Approved,,
AT,WP,SP - Shared Spaces,02,ATWPSP02,ATWPSP02R01.png,Evolve,Collaborative Spaces,Novello,JF,Approved,,
AT,WP,SP - Shared Spaces,04,ATWPSP04,ATWPSP04R01.png,Evolve,Collaborative Spaces,Sas,JF,Approved,,
AT,WP,SP - Shared Spaces,05,ATWPSP05,ATWPSP05R01.png,Evolve,Swap,Noetic,JF,,,
AT,WP,SP - Shared Spaces,08,ATWPSP08,ATWPSP08.png,Evolve,Collaborative Spaces,Venture,DS,,,
AT,WP,SP - Shared Spaces,06,ATWPSP06,ATWPSP06R01.png,Rambler,n/a,n/a,JF,,,
AT,WP,SP - Shared Spaces,07,ATWPSP07,ATWPSP07R01.png,Rambler,n/a,n/a,JF,,,
AT,WP,SP - Shared Spaces,03,ATWPSP03,ATWPSP03R01.png,Zira,Princeton,Sirena,JF,Approved,,
AT,WP,SS - Social Spaces,07,ATWPSS07,ATWPSS07R01.png,Ballara,Swap,Drift,JF,,,
AT,WP,SS - Social Spaces,05,ATWPSS05,ATWPSS05R01.png,Collaborative Spaces,Corby,Willow,JF,Approved,X,
AT,WP,SS - Social Spaces,02,ATWPSS02,ATWPSS02R01.jpg,Corby,n/a,Drift,MJ,Approved,,
AT,WP,SS - Social Spaces,04,ATWPSS04,ATWPSS04R01.png,Corby,Collaborative Spaces,Drift,JF,Approved,X,
AT,WP,SS - Social Spaces,01,ATWPSS01,ATWPSS01R01.png,River +,Swap,Drift,JF,Approved,,
AT,WP,SS - Social Spaces,06,ATWPSS06,ATWPSS06R01.png,River +,n/a,Duet,JF,Approved,,
AT,WP,SS - Social Spaces,03,ATWPSS03,ATWPSS03R01.jpg,Swap,Corby,n/a,MJ,Approved,X,
AT,WP,PO - Private Offices,46,ATWPPO46,ATWPPO50.png,Zira,n/a,Global Accord,JF,,,
AT,WP,PO - Private Offices,50,ATWPPO50,ATWPOP46R01.png,Office Spaces,,,JF,,,
AT,WP,PO - Private Offices,51,ATWPPO51,ATWPPO51.png,Office Spaces,,,JF,,,
AT,WP,PO - Private Offices,52,ATWPPO52,ATWPPO52.png,Office Spaces,,,JF,,,
AT,WP,PO - Private Offices,53,ATWPPO53,ATWPPO53.png,Office Spaces,,,JF,,,
AT,WP,PO - Private Offices,54,ATWPPO54,ATWPPO54.png,Office Spaces,,,JF,,,
AT,WP,PO - Private Offices,55,ATWPPO55,ATWPPO55.png,Office Spaces,,,JF,,,
AT,WP,PO - Private Offices,56,ATWPPO56,ATWPPO56.png,Office Spaces,,,JF,,,
AT,WP,PO - Private Offices,57,ATWPPO57,ATWPPO57.png,Office Spaces,,,JF,,,
AT,WP,PO - Private Offices,58,ATWPPO58,ATWPPO58.png,Office Spaces,,,JF,,,
AT,WP,PO - Private Offices,59,ATWPPO59,ATWPPO59.png,Office Spaces,,,JF,,,
AT,WP,PO - Private Offices,60,ATWPPO60,ATWPPO60.png,Office Spaces,,,JF,,,
AT,WP,OP - Open Plan,46,ATWPOP46,ATWPOP46.png,Office Spaces,,,JF,,,
AT,WP,MA - Meeting Areas,17,ATWPMA17,ATWPMA17.png,Office Spaces,,,JF,,,
AT,WP,MA - Meeting Areas,18,ATWPMA18,ATWPMA18.png,Office Spaces,,,JF,,,
AT,WP,MA - Meeting Areas,19,ATWPMA19,ATWPMA19.png,Office Spaces,,,JF,,,
AT,WP,MA - Meeting Areas,20,ATWPMA20,ATWPMA20.png,Office Spaces,,,JF,,,
AT,WP,MA - Meeting Areas,21,ATWPMA21,ATWPMA21.png,Office Spaces,,,JF,,,